,ItemID,UserID,review,Rating,Timestamp
0,광고만두라,tghmif,드뎌열은듯? 전화가네 ,4,2021.08.12.
1,광고만두라,1m4d6dq,ㅜㅜ 방문했는데 아직 안열었네요ㅠㅠ 맛보고싶었는데ㅜ,4,2021.07.22.
2,광고만두라,ssnvg6,주변 상인들 말로는 6월달부터 영업하신다고 전달받았는데 아직까지도 영업하지 않으심.. 5월 중순부터 3번은 찾아가본 듯 한데 언제쯤 먹어볼 수 있을지…,3,2021.06.16.
3,광고만두라,8uv76b,못먹어봐서 ㅠ 6월10일 어제 갔는데 개인 사정으로 당분간 쉰다고 적혀 있었어요 ㅠ 언제까지 쉬는지는 잘 모름 안적혀 있었음.,3,2021.06.11.
4,광고만두라,n1gc3v,만두로는 최고,5,2021.05.19.
5,가산물갈비&백년불고기,1kbkdss,,5,2021.07.15.
6,가산물갈비&백년불고기,kl3tq0,회식 장소로는 갸우뚱. 하지만 동성 친구끼리 가성비 있게 먹을 장소로 제격입니다. 양 많고 맛 좋고 서비스 괜찮아요.,5,2021.05.23.
7,가산물갈비&백년불고기,tl6oe5,"여기가 맛있어요? 회식장소로 좋아요? 아 내돈 내산은 안좋다는거죠 갔을때 먹고, 아 여긴 두번다시 안올맛이다. 싶어요 한약재로 만들었다고 하는데,그게 진짜 사족의맛 이에요.",1,2021.05.13.
8,가산물갈비&백년불고기,9hhb1j,회식장소로 좋구요 오징어튀김이 별미예요 엄청 바삭해요 ,5,2021.04.23.
9,가산물갈비&백년불고기,td5904,맛있음,5,2021.03.27.
10,동흥관,mup5gm, ,5,2021.08.11.
11,동흥관,n3320u,가격도 그렇게 비싼것도 아니고 맛도 괜찮았어요,3,2021.07.07.
12,동흥관,1604arb,일부러 갈곳은 절대아님! 지나가다 배고파 갈곳없을때나 가볼까 하는집. 친절. 위생꽝이네요. 좀친절하고 위생과 맛에신경쓰면 괜찮은 기본은 있는 집인데!,1,2021.07.06.
13,동흥관,16ghll5,고등학교때부터 쭉 다녀왔지만 옛날의 친절함이 다 사라졌다. 주문을 해도 들은둥 마는둥... 뭘 좀 더 갖다달라고 하면 3번을 말해야 갖다준다. 심지어 옆테이블에게 갖다준다 ㅋㅋㅋㅋ 직원들은 벽에 기대어 핸드폰이나 하고 이런게 중국인 종특인가싶다. 다시는 가지 않을것 같다.,1,2021.07.05.
14,동흥관,lnn9im,개인적으로는 너무 맛잇고 프라이빗 하게 만나기 너무 좋은데 직원들분이 그렇게 친절 하진 않아서 5 점 만점을 못 드리겠는 …? ,4,2021.06.23.
15,강강술래 시흥점,109p7k6,,4,2021.06.14.
16,강강술래 시흥점,18t6cjp,이전 이후 더 깔끔해지고 맛도 더 신경쓰시는 것 같습니다.,4,2021.05.30.
17,강강술래 시흥점,19h1cpf,별 1점도 아까움. 고기 최악. 직원은 더 최악. 한우 질기고 맛없음. 직원 주문 받던 분이 빤히 쳐다보더니 위아래 흘겨봄. 다 먹지도 않았는데 불판 치워버림. 마감시간인줄. 비싼 돈 주고 먹다 체할뻔. 2번 다시는 안 옴. 손절. 그냥 줘도 안 먹음. 1성급이 5성급인 척 하는 느낌. 간만에 밥 먹고 기분 더럽.,1,2021.03.31.
18,강강술래 시흥점,obt6ck,돈 많이나올거 각오하고 가는 패밀리 고기 레스토랑,5,2021.02.16.
19,강강술래 시흥점,bfk42a,,4,2020.12.20.
20,도원,benk3h,가격 대비 퀄리티 좋은 중식뷔페입니다.,5,2021.08.04.
21,도원,16jsnri,오늘갓다왓는데 둥네앵간한 곳보다 맛납니다 혼자 오신 분들이.많더라구요 배불러서 많이 못먹은게.아쉽 ㅜㅜ,5,2021.06.01.
22,도원,muldnn,맛은 있다 없다 얘기하는게 별 의미가 없는 것 같습니다. 여러가지 중식을 가성비있게 먹을 수 있어 좋긴 합니다.  하지만 플라스틱 칸막이도 없이 거리두기하지 않고 손님을 받고 있고 손님들이 마스크를 쓰지 않고 음식을 받으러 돌아다녀도 별 말이 없습니다.   저녁시간 바쁜 건 알지만 인간적으로 코로나 상황에 갈 식당은 못된다고 봅니다.  제발 제가 간 날 코...,1,2021.04.25.
23,도원,1itm3vi,,2,2021.04.24.
24,도원,12bdjlk,가보고싶으니 저장,5,2021.04.22.
25,쌍교숯불갈비 서울금천점,1j85cf4,아이와함께하기좋아요. 냉면은비추,5,2021.07.20.
26,쌍교숯불갈비 서울금천점,uqh3f1,정말 맛있고 떡갈비가 엄청 부드러워요,5,2021.07.16.
27,쌍교숯불갈비 서울금천점,f77kv6,맛있어요 반찬도 맛나고 떡갈비랑 돼지갈비 시켰는데 다 구워서 나오고 맛있어요 진짜,5,2021.07.11.
28,쌍교숯불갈비 서울금천점,10ibn7p,지인짜 맛난집!,5,2021.06.28.
29,쌍교숯불갈비 서울금천점,126l72h,갈비구이>>갈비찜,5,2021.06.28.
30,농장사람들,14lp7vt,"넓은 공간,  친절한  서비스,  무엇보다 맛있는  소고기가 특히  좋았어요..가족  모임이라  시끌시끌했었는데  한결같이  친절했어요... 안심은  너무  부드러워  맛있었구요  채끝등심또한  너무  맛있게  먹었네요  후식  비빔냉면은  역시  매콤하면서  감칠맛  더할것없이  맛있는  식사였어요...",5,2020.09.20.
31,농장사람들,14u8ikd,넘나 맛있고 퀄히티도좋고 가성비굳!!!! 한우가 이가격에?,5,2019.12.19.
32,농장사람들,132utf4,굳굳,5,2019.12.15.
33,농장사람들,10jq375,부모님모시는 자리라 깔끔하고 맛좋은집찾다가 우연히 방문했는데 고기가 너무 맛있고!! 알바분들도 친절하셔서 기분좋게 먹고왔네요~^^!! 자주갈거같아요 ㅎㅎ,5,2019.12.14.
34,농장사람들,NaN,NaN,NaN,2018.08.08.
35,순댕이네얼큰수제비,124tggd,2021년 8월5일 방문했는데 개인적인사정에 의하여 하루쉽니다 라고붙어있음... 그래서 8월6일 다시 가볼라고 전화햇더니 안받음... 다시 확인차 전화햇더니 수신거부걸어놈.. 직원두명이 다 수신거부걸려서 전화만 걸면 통화중으로 나옴...내가 확인차 전화햇더니 전화가 걸림... 맛을떠나서 이런 인성을 가진사람들이 만드는 음식은 먹으면안됨!!!   전화받아서 ...,1,2021.08.06.
36,순댕이네얼큰수제비,1j85cf4,줄서서먹을정도아님,3,2021.07.05.
37,순댕이네얼큰수제비,uqts70,아줌마 병원입원 갔다가 헛탕,2,2021.06.19.
38,순댕이네얼큰수제비,12k9u82,맛은..좋은데 위생이 최악이에요 바닥에 떨어진 면을..물에 씻어서 넣는걸 보았음..,2,2021.05.19.
39,순댕이네얼큰수제비,12980mk,,5,2021.05.13.
40,김사부샤브샤브,nvn8qn,"꿔바로우 JMT 볶음면도 맛있음, 기대 안 했는데 이국적으로 매콤함 코로나 위생도 잘 지키심",4,2021.08.06.
41,김사부샤브샤브,1682m90,오랫동안 방문하고 싶은데 그냥그랬어요. 제가 묻고 싶은 게 있었지만 직원이 한국어 못 알아들어서 상황이 안 좋았어요. 설명하지 못하고 제가 추가 인분을 주문하고 싶었지만 결국 나갔어요. ,2,2021.07.20.
42,김사부샤브샤브,kmqmrt,,5,2021.05.30.
43,김사부샤브샤브,f15gk7,다른건 그냥 평타정도 근데 꿔바로우 진짜 여태껏 먹은것 중에 제일 맛있어서 이마 빡빡침 ,4,2021.05.29.
44,김사부샤브샤브,18bqja1,너무 맛있는 음식 종업원분들과 약간 소통이 안되는 것 말고는 좋았어요!,4,2021.02.14.
45,왕게수산,7mviov,직원들은 완전 좋은데 카운터는 개싹아지 ♬♬♬♩♩임.. 두번다시 안갈거임.. 갈때마다 현찰주는데.. 돈아까움..다른곳 뚤어야지,1,2021.03.28.
46,왕게수산,131k246,그냥 저냥,3,2021.02.11.
47,왕게수산,cdmj9q,"서비스의 질 이라든지 맛 이라든지, 종업원 분들의 손님접대 태도라든지 보통 입니다. 사랑받는 식당 되길 바랍니다~^^",3,2020.10.04.
48,왕게수산,102qqnp,어머니 생신때 킹크랩 키로당 노량진보다 너무비싸게삼 동네라 급해샀지 시간만 있었음 그냥노량진 가는게 훨쌈..,1,2020.10.03.
49,왕게수산,10g4lqj,가격대비 아쉬움,2,2020.08.20.
50,채영진의명품생고기무한리필 독산점,13fc3je,사장님 유도리도 없고 말투도 싸가지 없으시네요 더러워서 안먹습니다^^,1,2021.08.08.
51,채영진의명품생고기무한리필 독산점,1aq8ku9,,5,2021.06.08.
52,채영진의명품생고기무한리필 독산점,1802ss4,,5,2021.05.02.
53,채영진의명품생고기무한리필 독산점,14v3g46,직원이 불친절해요,1,2021.04.30.
54,채영진의명품생고기무한리필 독산점,1clemtd,리뷰 보아하니 한동안 못 갔는데 많이 개차반 되었나보네요.. 예전엔 두꺼워서 좋았는데 마지막으로 갔을때 작고 얇아지고.. 처음 갔을때부터 직원 두세분 앉아서 노가리 털고 있고 불친절하던거 그냥 고기가 맛있어서 넘어갔는데 두 세번째 갔을때도 바뀐건지 여전히 노가리 털고 고기 달라하면 귀찮은 식으로 반응 하고 체인점이라 역시 글러쳐먹었네요. 지인보고 가라했다가...,1,2021.04.25.
55,개성손만두요리전문점 가산디지털점,17532nq,양도 많고 맛도 있는 집,5,2021.07.26.
56,개성손만두요리전문점 가산디지털점,uqh3f1,맛있어요,5,2021.07.16.
57,개성손만두요리전문점 가산디지털점,1634v98,,5,2021.07.12.
58,개성손만두요리전문점 가산디지털점,13dfchl,국물 깔끔하고 시원해서 좋음 사장님은 매우 불친절 내용물(채소)은 줄거면 주고 말거면 말지 매우 조금나옴,3,2021.06.09.
59,개성손만두요리전문점 가산디지털점,e4gbh1,"만두 좋아하는데 전골 1인분 주문할 수 있는 곳은 처음이네요. 만두가 네 알 들어가고 김치는 여기서 담그신답니다. 저녁에는 2천원에 볶음밥도 추가 가능한데 기본으로 나오는 칼국수까지 먹고 나니 배불러서 안 했어요. 가격은 매장에서 드시면 8천원, 포장하면 7천원. 매장 앞에 5대 가량 주차 가능합니다.",5,2021.05.27.
60,두껍삼 가산직영점,1634v98,,3,2021.07.12.
61,두껍삼 가산직영점,f5n90h,믿고 먹는 두껍삼 후식으로 온국수 필수 회식 장소 추천,5,2021.05.09.
62,두껍삼 가산직영점,13fgd4s,최고에여,5,2021.03.04.
63,두껍삼 가산직영점,csgujd,다소 비싸긴해도 서비스와 맛은 괜찮은편임,3,2020.07.28.
64,두껍삼 가산직영점,dfg4be,편하게 먹는 건 좋지만 고기질이 아쉽습니다.,3,2020.05.13.
65,문정곱창,rjmus4,,5,2021.08.08.
66,문정곱창,19ap743,볶음밥 맛이 신기하다.. 그래서 주는 소스 넣고 볶아서 먹을만 했다. 근데평점이 왜이렇게 높은지 모르겠다 ,1,2021.06.24.
67,문정곱창,uk1fm6,존맛탱입ㄴ다 곱창이 찐이에요,5,2021.06.10.
68,문정곱창,r6q0o1,,4,2021.05.21.
69,문정곱창,126l72h,양념장이 맛있네요.. 멀리서 와서 갈 곳은 아니고 누가 사주면 갈 정도..,4,2021.04.25.
70,춘천옥,ae72me,깔끔하고 맛있어요.,5,2021.08.12.
71,춘천옥,1634v98,,3,2021.07.12.
72,춘천옥,qs9i8p,"이 코로나 시국에 주방안에 두사람 (남1, 여1) 계속 마스크도 안하고 조리 하시더라고요. 먹는내내 자꾸 눈앞에 보여서 먹다가 나왔습니다.",1,2021.07.06.
73,춘천옥,17gmpu1,후회,1,2021.01.15.
74,춘천옥,lneiso,와서 먹어보면 알수있지만...비추,1,2021.01.15.
75,은행골 시흥분점,14e5f0l,먹어본 초밥집 중에 가성비는 둘째치고 맛으로 손 꼽히는 초밥집입니다 매달 2-3번 정도 가는데 진짜 왠만하면 평타 이상 무조건 치고 가끔 특정 초밥이 비정상적으로 맛있는 경우가 있어요 뜬금없이 광어초밥?이 미친 맛을 낸다던가ㅋㅋ,5,2021.08.02.
76,은행골 시흥분점,16il1dq,핵존맛탱 회도 두툼하고 맛도 좋았어요 그리고 무지 친절하심,5,2021.06.28.
77,은행골 시흥분점,1je2d52,맛있고 친절했음. 서비스 초밥은 말씀안드려도 항상 주셨었음.,5,2021.05.13.
78,은행골 시흥분점,v3894s,맛있긴한데 서비스정신 개구림ㅋㅋㅋ,1,2021.05.07.
79,은행골 시흥분점,jti6dn,서빙진짜 개열받음 서비스초밥 달라니까 던질듯툭놓고감  아진짜 오래갔었는데 진짜 실망이다 그간 손님뒷담 겁나까는것도 듣고 대수롭지 않게 생각했는데 그때부터 알아봤어야함.,1,2021.04.14.
80,정인면옥,e4o04n,키 작은 여직원 정말 4가지가 없네요.,1,2021.07.21.
81,정인면옥,e4hhh1,맛 좋은 편 줄이 너무 길어요 ㅠ,3,2021.07.21.
82,정인면옥,sim66r,,5,2021.07.19.
83,정인면옥,v0e2u8,여의도 초기부터 단골집. 광명때 부터 못 간 거이 아숩~ 개인적 Top Level 평랭 집. 사장님 부천점 지도 좀 해주세요 본점하고 너무 차이가 나요~ ,5,2021.07.09.
84,정인면옥,dg2jkv,끝판왕,5,2021.06.30.
85,진주집,rk45hg,콩국수 맛집으로 유명한 이유는 알겠음. 진주회관이랑 비교하면 진주회관이 더 입맛에 맞음. 콩물은 진하고 비교적 심심한데 강한 김치맛으로 균형조절해서 먹다보면 질림. 음식은 4점 근데 주차권 현금으로 받는거랑 응대에서 1점 빼고 3점드림.,3,2021.08.07.
86,진주집,vvgcf3,얘들아 7월27일까지 휴무다,4,2021.07.23.
87,진주집,13ac0m4,방금갔는데 27일까지 휴무라고 적혀있네요...,4,2021.07.22.
88,진주집,beqece,21년 7월 21일까지 휴무래요. 가격만 괜찮으면 5점일텐데ㅜ,4,2021.07.17.
89,진주집,10e79ea,그냥 그랬다 만두는 안먹을듯,3,2021.07.17.
90,또순이네,1f484fn,가슴이 웅장해지는맛! 마음까지 두둑해짐 ㅎㅎ,5,2021.08.09.
91,또순이네,1m39v20,괜찮았습니다~,4,2021.07.21.
92,또순이네,f80ms4,,4,2021.07.20.
93,또순이네,1c13aci,직원들이 넘 불친절 너무 덥고.맛은 그냥.... 특이 함은 있음,1,2021.07.19.
94,또순이네,1ejk3ph,"개불친절함, 주차요원쓰레기",1,2021.07.18.
95,대한옥,vhkipb,"참 어이없어 후기 남깁니다. 부모님과 같이 식사하기 위해 꼬리찜 대자 2개,꼬리곰탕 1개 133,000원어치 포장해서 집까지 30분정도 가서 식사하려는데 포장해준 부추에서 비닐을 풀자마자 상한 악취가 나서 먹지도 못하고 버렸습니다.그래도 포장해간 고기로 그냥그냥 식사를 마치고 다른 손님들에게는 상한 야채 드리지 말라고 전화하니 전화받은 사장딸이라는 분이 상...",1,2021.08.06.
96,대한옥,gbftl3,,5,2021.07.27.
97,대한옥,lujqts,너무 기대를 해서일까 실망이 컸던 곳... 기다렸던 게 아까울 정도로 맛없었다,1,2021.07.23.
98,대한옥,vrd9so,말이 필요 없는 곳. 흐릿한 날 낮술하기에 이곳만한 곳이 없다. (면 사리는 무조건 맛봐야 함),5,2021.07.20.
99,대한옥,11hvam8,"가격이 너무 올랐다...ㅠ 그리고 미리 만들어 놓는지 시키자마자 나오는데 문제는 고기가 좀 말랐다 그리고 생각보다 간이 약하고 국수사리 양도 적음 ㅠㅠ 위생도 별로 에어컨도 없고 양도 적도 비싸고 맛도 기대이하라 재방문의사는 거의 없다.. 내돈주고 사먹을 거 같진 않고 누가 사준다면 다시 갈 거 같음,,, ",2,2021.07.18.
100,세상의모든아침 여의도점,ega249,"특별한 곳 같지만, 특별한 것이 없는 곳.",3,2021.07.25.
101,세상의모든아침 여의도점,1m39ttn,특별한날 가면 뷰도 좋고 음식맛도 좋아서 기분 좋을 것 같아요,5,2021.07.21.
102,세상의모든아침 여의도점,1bvgprn,,4,2021.07.09.
103,세상의모든아침 여의도점,103ki0t,뷰 미쳣,5,2021.07.09.
104,세상의모든아침 여의도점,1gl2cqi,이렇게 맛없는 크림 페투치니 처음 먹어요 ㅠㅠ 뷰가 제일 맛있네요,1,2021.07.06.
105,코끼리베이글,flue3f,"유명세에 비해 빵 자체는 그닥 매력있지 않았어요. 왜이렇게 인기가 많은지 의아한 가게. 빵 맛은 나쁘진 않지만 그렇다고 엄청 맛있지도 않고, 모양만 그렇지 일반적인 베이글과는 거리가 좀 멀다고 느껴쟜어요.",2,2021.08.05.
106,코끼리베이글,15j1vjg,쫀득쫀득 쫀맛..,5,2021.07.28.
107,코끼리베이글,uk5q64,제가 베이글을 안좋아해서 베이글은 잘 안먹어봤는데 여기 갓직히 라떼존맛집임,5,2021.07.19.
108,코끼리베이글,d667lc,알바생 싸가지 환장함ㅋㅋㅋ 줄선건지 주문 기다리는건지 모를 손님들이 많길래 주문 기다려야되냐 물어봤는데 소리지름. 사장은 그 광경을 보고도 별 생각 없는걸 보니 배짱장사 하는 듯. 성격대로 개지X을 하려다가 날도 덥고 사람도 많고 여자친구도 같이 있어서 꾹 참고 나왔다. 맛은 좋은데 혼나는 취미 있는 사람이 가면 잘 맞음,1,2021.07.11.
109,코끼리베이글,u54ttj,주말이라 배달도 안되서  일인당 8개 제한 있다는거는 알고갔지만 참 배짱장사하네요  칼로리 제한때문에 토핑있는거2개 플레인6개 사려했는데 플레인베이글은 2개밖에 안판답니다 왜 안되냐니 그냥 안된대요 점점 서비스마인드가 나빠지는데  재방문은 글쎄요,1,2021.07.03.
110,원조호수삼계탕 본점,19tofkm,닭들이 살아생전에 못먹고 자랐네 유난히 갔었던 날은 다른 날보다 더 작었네요,1,2021.08.10.
111,원조호수삼계탕 본점,mj5kha,뭐 맛은 그럭저럭인데 가격은 15000 임 게다가 주차비 현금으로 따로 받음,3,2021.08.04.
112,원조호수삼계탕 본점,m8pu3a,들깨 삼계탕이란 점이 특이함  원래 삼계탕이 더 맛있긴한데 가까우면 자주 갈듯,3,2021.08.03.
113,원조호수삼계탕 본점,149lnhd,비싸다,1,2021.07.28.
114,원조호수삼계탕 본점,NaN,NaN,NaN,2021.07.25.
115,영일분식,13fb5q4,칼국수는 솔직히 별로. 여긴 칼비빔이 짱이에요. 처음부터 와 존맛! 이런 맛은 아니었지만 어느날 생각나는 맛임..... 근데 예전엔 가격도 저렴하고 한번씩 리필도 돼서 가성비까지 짱이었는데  어느순간 가격이 올라가서 그닥 저렴하진 않아졌고 리필된다는 안내문이 사라졌더라구요. 해달라면 해주는진 모르겠지만. 가성비는 사라진 느낌. 그치만 맛있어서 종종 가요.,4,2021.07.27.
116,영일분식,16h5lqb,문래의 자존심… 비빔 하나 물 하나 만두 하나. 극락좌표,5,2021.07.08.
117,영일분식,bnf6ev,,5,2021.06.26.
118,영일분식,muubjk,맛있게 잘 먹었습니다. 소주가 어울리는 칼국수. ,5,2021.06.25.
119,영일분식,13mhqte,칼국수비빔 맛이 좋아요. 다만 방송 탄 집이라 사람이 많아서 좀 정신없음.,4,2021.06.17.
120,카페1953위드오드리,bk075l,싸지 않은데 커피도 별로고 그냥 시판빵에 조리되는것조차 맛없네요 ㅠ,1,2021.07.30.
121,카페1953위드오드리,92mv8j,좋아요,5,2021.07.23.
122,카페1953위드오드리,1m39ttn,애정하는 카페,5,2021.07.21.
123,카페1953위드오드리,bfpnu9,,5,2021.06.11.
124,카페1953위드오드리,1avp723,조용하고 예쁩니다,4,2021.06.03.
125,양키통닭,1jgqldo,여기 맛있고 건강한 맛!!!,5,2021.08.11.
126,양키통닭,rtoejh,너무 맛있어요.... 분위기 좋고 재방문의사 있습니당,5,2021.08.09.
127,양키통닭,mgg971,1호점 남직원들 싸가지없는편,2,2021.08.05.
128,양키통닭,15c5v1c,맛은 평범한 누룽지통닭 전기통닭 류 맛인데 분위기가 좋아서 인기가 많나봐요 ㅎㅎ,3,2021.07.29.
129,양키통닭,10ldv7r,매콤이더맛잇다,5,2021.07.25.
130,이한스시,14dtlsh,맛과 별개로 직원들의 태도나 말투가 매우 불친절하여 기분이 상했다.,1,2021.07.30.
131,이한스시,ubv9tt,영등포의 자랑 가성비+맛 최고,5,2021.07.18.
132,이한스시,uhu1od,불친절하다는 평이 많은데 홀 계신 분 중에 그냥 좀 무뚝뚝하신 분이 있으신 정도? 개인적으로 불평할만큼의 불친절은 겪어보지 못함. 위생문제가 있거나 종업원이 손님 욕을 한다던가 하는 정도가 아니면 이 음식에 이 가격이면 별 5개 안주기는 좀 어렵다고 봄.,5,2021.07.15.
133,이한스시,1lbpkmf,가성비 좋고 맛있음. 다만 불친절함.  불친절해도 싸게 많이 먹는거 좋아하시는 분이면 방문 추천. 차라리 기존 사장님이셨을 때가 편하고 맛났음. 장사를 위한 회전율은 이해하지만 좀 심함. 또 가고 싶지는 않음.,2,2021.07.02.
134,이한스시,126kre5,,3,2021.06.30.
135,그믐족발 본점,v0e2u8,괜춘~,3,2021.06.30.
136,그믐족발 본점,1dao14d,괜찮더라구요,2,2021.06.16.
137,그믐족발 본점,spm4kb,그르지마요.. ,1,2021.05.26.
138,그믐족발 본점,10375st,오픈시간 맞춰 가서 웨이팅도 없었구 맛있었어요!  꽈리고추 덕에 생각보다 느끼하지 않아서 좋았어요 웨이팅을 하면서까지 먹을 정도인지는 모르겠으나 오픈시간 맞춰서 또 가 볼 의향은 있는 곳 :),5,2021.05.26.
139,그믐족발 본점,90gb4i,포장해서 기대보다는 별로였어요 식으면 너무 느끼합니다,2,2021.05.23.
140,송죽장,m71q2a,소문만큼 맛있지도않고 2층에 계셨던 종업원 아주머니가 불친절함. 딱 옛날 탕수육맛과 그냥 고추들어간 쟁반짜장맛! 식탁 닦던 행주로 물병 감싸쥐고 서빙하는거보구 밥맛 뚝떨어짐..,3,2021.08.03.
141,송죽장,143lvh2,이전 후 쟁반짜장 짬뽕 맛이 상당히 변함..안녕 송죽장,1,2021.07.30.
142,송죽장,1537jk3,차라리 타임스퀘어 안에 있는 신차이가 맛있습니다,1,2021.07.05.
143,송죽장,va87in,초심을  잃고 손님을 그저 돈으루 보는가게 먹으러와서 줄서 있는 사람들을 마치 짐짝취급하며   중국인 직원들이 인상쓰는 얼굴보면  음식맛 떨어짐...,1,2021.06.30.
144,송죽장,t3b6ji,"불친절은 기본이고, 맛?? 솔직히 맛없음 볶음밥 재료에 아주 저렴한 햄조각이 몇개 들어가있고, 탕수육은 미리 튀겨진 상태에서 소스만 부어서 나오는데 바삭함도 없고 그렇다고 쫄깃함도 없다. 퍽퍽한 탕수육 맥주잔도 좀 깨끗이 씻어서 나오면 좋을텐데 대충 물로 행궈서 나오는지 새컵에서 꼬릿한 냄새가난다. 여기 도대체 누가 맛집이라 칭하는가?? 차라리 백화점 안에...",1,2021.06.28.
145,삼거리먼지막순대국,n3kss2,미친 정도는 아니에요... 순대2개 들어있고 내장 짱 많아요. 근데 냄새나고 질기고 오돌뼈 많아요. 맛집이라서 많이 가는거는 아니구 5천원가성비 때문인듯,3,2021.08.05.
146,삼거리먼지막순대국,10ldv7r,미쳤다,5,2021.07.25.
147,삼거리먼지막순대국,d667lc,"가격, 맛, 푸짐함 등 뭐하나 빠지는게 없다. 국밥 온도도 너무 펄펄 끓지 않고, 꼭 토렴한 듯 한 온도라 더욱 맛있었음. 머릿고기는 꼭 시키셈",5,2021.07.11.
148,삼거리먼지막순대국,t4pddb,이가격에 이퀄리티 최고네요  가격생각하면 진짜 별 다섯개가 맞아요 ,5,2021.07.01.
149,삼거리먼지막순대국,1gupla7,깔끔하게 맛있어요,5,2021.06.26.
150,올드문래,rtoejh,음악소리때문에 대화가 안돼요 직원들도 불친절,3,2021.08.09.
151,올드문래,7kd4hn,음악소리 좀만 줄여주면 정말 좋을듯! 맥주 맛있어요,4,2021.08.07.
152,올드문래,1dao14d,분위기 좋은곳,5,2021.06.16.
153,올드문래,15h4ra7,분위기 좋음 근데 엄청 시끄러움 말소리 안들림 맛은 그냥저냥 ~!!!,5,2021.06.12.
154,올드문래,1gl5679,,5,2021.06.08.
155,전주전집,bepcfe,,5,2021.07.18.
156,전주전집,eq7jtg,포장했는데 너무 맛있어요 직원분들도 너무 친절하네요!! 전집은 무조건 여기로 가야겠어요.,5,2021.07.04.
157,전주전집,r8ca3s,전은 고만고만함 근데 장사마인드가 싸가지가 바가지네 술맛 떨어짐 진짜,1,2021.06.22.
158,전주전집,1attg59,"양도 많고, 맛도 있고, 거격도 저렴하고, 거기다가 친절하기까지 함!! 여기 사장님이 대인배임 멋지심!!",5,2021.06.15.
159,전주전집,nqkmnc,엄청 푸짐 양도 많고 맛도 있고,4,2021.05.02.
160,서일순대국,l6krhs,,3,2021.08.11.
161,서일순대국,k2cdc9,뭔맛인지모루겠음...;;;,1,2021.08.05.
162,서일순대국,g86iub,,5,2021.08.03.
163,서일순대국,7mj864,"평범한맛,  계산받으시는 여자분(사장님 이신가?) 상당히 불친절. 불친절할만큼 맛집은 아님",1,2021.07.04.
164,서일순대국,ucmlv2,맛있습니다. 잡내가 없어요.,5,2021.06.28.
165,방배김밥,mia7q2,개인적인 의견 실망,5,2021.08.09.
166,방배김밥,v47tfs,김밥맛은 좀 강하고  결제 시스템이나 불친절함에 기분이 안좋네요.김밥 옆구리가 자주 터져요.3개샀는데 3개다 옆구리 터져서 먹는데 너무 불편했어요.ㅠ,2,2021.07.30.
167,방배김밥,15bm7h9,여기 왜 유명해요? 노맛 ,1,2021.07.23.
168,방배김밥,ta2n1p,유명한걸로 유명한 김밥집,2,2021.05.11.
169,방배김밥,nkh3sk,코스트코인가? 신한카드만?ㅎㅎ,1,2021.04.25.
170,시간을들이다,10hd2ei,"서울에서 유명한 크로와상은 다 먹어봤는데 여기 미만잡.  택배로도 여러번 시켜 먹었지만 역시 매장에서 바로 사오는 편이 가장 맛있습니다. 그런데 매장 접근성이 너무 떨어짐 ㅠㅠ....사장님 번창하셔서 역 가까이에 분점 내주세요.. 맛은 기본크로와상(논외) > 우유크림 > 초코 >>>> 나머지로 상위권 기본 맛이 진짜 맛있습니다. 홍차, 말차 계열은 취향탈 ...",5,2021.07.23.
171,시간을들이다,1a6tt7g,"지도 잘못보고 제빵소로 찾아감 와우 개쪽팔려 간판이 있어도 여기가 빵집이 맞나 긴가민가 한 곳은 매장이 아닙니다,,,,",5,2021.07.12.
172,시간을들이다,1569l60,맛있음 초코가 생각보다 안달아서 더 맛있는듯,4,2021.06.10.
173,시간을들이다,10gg641,홍차크림 쓰고 미끄덩하고 좀 느끼함 친구는 짜고 맛없다그랬음,1,2021.06.02.
174,시간을들이다,k6ussv,물리는 맛 그렇지만 한 번은 먹어볼맛,5,2021.05.30.
175,동작노을카페,7kojcc,,5,2021.03.01.
176,동작노을카페,1glvvma,불친절 테이블당 2명까지 앉을 수있으면 써놓으세요~,1,2021.02.21.
177,동작노을카페,14eqjq8,,5,2020.09.30.
178,동작노을카페,1339tgd,도라이브 겸 한번 들렀는데 야경이 나쁘지 않네요. 좋은 자리가 얼마 없긴 하지만 비싸지 않은 가격에 스무스,4,2020.09.11.
179,동작노을카페,156u65t,알바 불친절하구 청소상태별로에여 화장실도 지금은 잠겨서 이용도못하네요~,1,2020.08.09.
180,스시로로,jsl1q6,,5,2021.07.05.
181,스시로로,1dr7n5l,맛있고 제법 합리적. 전통적인 스시와는 조금 다름. 밥알 안 뭉쳐져있다고 불평하시는 분들 많은데 이런 분들은 전통적인 스시를 생각하고 방문한 듯함. 테이블에 앉으면 애초에 밥알 잘 안 뭉쳐진다 명시되어있고 먹는법 친절하게 써있음. 생선 크기도 크고 괜찮은 퀄리티의 가게. 한번쯤 가볼만한 곳!,5,2021.06.25.
182,스시로로,1ekv1r3,"스시야를 나름 꽤 다녔다고 자처하는 데, 오마카세가 아닌 집 중에 이 정도로 고퀄리티 합리적 가격의 스시야는 없는 거 같습니다.",5,2021.06.07.
183,스시로로,e50f5u,아니 평점이 3점대인게 말이되나요? 인생초밥맛집,5,2021.05.19.
184,스시로로,16bjtcv,완전 안상맛집 연어짱,5,2021.05.18.
185,광안리,13kfnpv,,4,2021.08.07.
186,광안리,o3g7tn,그냥 연어랑 육회맛인데 심히 비쌈.. 자리도 너무 빼곡빼곡해서 코로나 걸리기 좋음. ,2,2021.06.04.
187,광안리,cvtipc,빨리 나가야 할 것 같은,3,2021.03.22.
188,광안리,mugono,적당히 만족스러움!,3,2021.03.10.
189,광안리,f69n3f,맛있지만 가격을 생각하게 된다. 코로나시국에 너무 가까운 좌석이 우려스러움. 너무 시끄러워 대화하기가 힘들다.,4,2021.02.09.
190,등나무집,19o57ub,맛있어용 파가 미텼음 근데 가격도 미친듯 ㅎ,4,2021.08.03.
191,등나무집,utm8cl,이집 소꼬리찜은 한국인이라면 먹어보아야 하는 메뉴다 손가락 쪽쪽빨며 맛의.신세계를 경험했다 ,5,2021.07.31.
192,등나무집,epkqrv,맛은 좋은데 가격이 많이 비싼편이네요ㅎㅎ 그래서 별하나 깝니다!,4,2021.07.06.
193,등나무집,kpe4d8,국물이 아주 걸쭉하고 진하다. 이집은 꼬리수육이 대표메뉴지만 그걸 우려낸 곰탕도 탁월하다. 국물 2종류를 선택할 수 있다. 신대방 쪽의 오래된 터줏대감으로 아는 사람들은 다 아는 최상급 노포. ,5,2021.05.22.
194,등나무집,keibpt,가격이 너무마니 올랐음,1,2021.04.26.
195,다래식당,alad84,,5,2021.07.18.
196,다래식당,clcf9v,,4,2021.06.16.
197,다래식당,e4j0fu,,2,2021.06.06.
198,다래식당,t3rp8d,어머니의 손맛이예요~~^^,5,2021.05.22.
199,다래식당,n2erfg,청국장이 부드러워서 거부감없이 먹을 수 있는 맛집 주물럭도 가마솥에 구워서 먹을만해여 밑반찬과 쌈과 먹으면 맛있음,4,2021.05.08.
200,상남스시,8v2gql,이가격에 이구성.. 저만 알고 싶습니다 ㅠㅜ 예약하기 너무 힘들어졌어욧,5,2021.06.16.
201,상남스시,10tj0fo,이 가격에 이정도 퀄이면 미친겁니다.,5,2021.06.06.
202,상남스시,n17fic,"분위기를 기대하고 가면 안되지만, 맛은 정말 있고 코스도 길어요. 특히 저 계란…. 계란 보시면 어떤 초밥집인지 고수들은 아시죠?",4,2021.05.25.
203,상남스시,v462qs,가성비 좋고 맛도 아주좋아요,5,2021.05.17.
204,상남스시,12mvifk,사장님이 친절하시고 코스도 김 술없이 배가 부를정도 맛 하나하나 정성이 들어간맛집,5,2021.05.16.
205,대성관,l6krhs,,5,2021.08.11.
206,대성관,1chcmr7,,5,2021.08.07.
207,대성관,e4rt5d,"맛은 평범하고 재료가 좋지는 않고, 문제는 청결도와 위생입니다.  아파트근처라 자주 갔었는데, 여름되니 더 심각해요. 물은 녹슨 수도물 냄새가 나고(정수기 안보임), 젓가락은 둥근통에 한꺼번에 담아서 세워져있는데, 손으로 꺼낼때 다른 것들도 만질수 밖에 없어요.  누가 손으로 만진 젓가락을 내 입에 넣는 꼴이니 이 여름에 배탈 안난게 다행..ㅎ 바퀴벌레도 ...",1,2021.07.21.
208,대성관,1givqcu,알바들 댓글 많이들 올려놨네... 내나이 오십중반에 서울에서 이렇게 맛없는 중국집도 처음이다.. 삼선 볶은밥 먹었는데 기름끼 쩔어 짬뽕국물은 짜기만 하고 먹는 물은 수돗물인지 뭔지 냄새가 나고 주인장 할매는 계산에만 눈이멀어 돈만 밝히는 노인네고 정말이지 돈이 아깝다... ,1,2021.05.21.
209,대성관,1deig1m,영화속에 나올 법한 분위기의 노포 화상.  ,4,2021.05.12.
210,다독이네숯불구이,19v83ti,너무맛있게먹고갑니다 노량진핫플,5,2021.08.06.
211,다독이네숯불구이,v60gg4,,5,2021.07.28.
212,다독이네숯불구이,bobldv,요 근래 먹은 고기 중 최고임(몽탄보다 낫다)  단 코시국에 너무 좁고 사람 많음,4,2021.07.26.
213,다독이네숯불구이,1lm2cu7,고기맛은 먹을만한데 줄서면서까지 먹을만 한지는 의문임..,4,2021.07.10.
214,다독이네숯불구이,eqcb2n,진짜 맛있어요! 부드럽고 육즙 좔좔 ㅠ 그리고 일하시는분들이 다들 친절해서 기분좋았어요!!,5,2021.07.09.
215,조가네갑오징어 사당직영3호점,cdpcm9,★추가 피해자를 막기 위해 없어져야함 ★★내돈주곤 다시 안감 ★★★누가 사주면 감 맛/특징이 생각 안나는 무색무취 ★★★★재방문 의사 있음 ★★★★★맛/특징이 기억 나고 자신있게 추천 가능  종업원이 불친절하긴 한데 맛은 있어요,4,2021.07.04.
216,조가네갑오징어 사당직영3호점,1ftvfi2,,3,2021.06.28.
217,조가네갑오징어 사당직영3호점,edhksv,갑오징어 전골 갠잔네,3,2021.05.21.
218,조가네갑오징어 사당직영3호점,1bejeji,아 대박~~~ 종업원이 별로라는 밑에 글 보고 반신반의 했는데 진짜 쌈닭이었음. 계산문제로 손님하고 다투다가 더 오버해서 난리침~~~ 와~~ 난리 난리 그렇게 응대하는 사람 처음봄 혀를 내두름 시끄러워서 죽을뻔 했음.맛은 둘째치고 그런집은 다시는 방문 안함 사장님은 종업원 관리 하셔야 할듯,1,2021.05.20.
219,조가네갑오징어 사당직영3호점,bfe7v9,탱글탱글한게 식감은 정말 좋음,4,2021.05.06.
220,카페퍼블리코 본점,1k8cg93,생각보다 좋네요!! 대신 가격대가 좀 있음,4,2021.06.02.
221,카페퍼블리코 본점,1he2akl,,5,2021.03.27.
222,카페퍼블리코 본점,bee41r,가게 구성 잘 되어 있음. 맛 대비 메뉴들은 좀 비싼 편.,3,2021.03.25.
223,카페퍼블리코 본점,loiuhh,테라스 공간도 넓고 가격도 나쁘진 않아요,4,2020.12.05.
224,카페퍼블리코 본점,17e9tba,"사장님이 계실 때는 친절하고 파니니 맛도 좋은데, 알바생 분들 3분이나 계셨음에도 불구하고 손님 와도 투명인간 처럼 인사도 안하시고, 포스 앞에 주문하러 가도 말 한마디 안해서 그냥 안먹고 나왔었습니다. ",3,2020.11.24.
225,페니힐스,161b7uu,"디저트,음료 맛 가격대비 그저그럼 음료에 얼음넣지말라고 부탁했으나 그냥 내보냄 자리위생도 제대로 안됨. 물흥건한 테이블 그대로임 직원들 많던데 기본적인 할일도 안하면서 왜 많은지 의문 ",1,2021.07.05.
226,페니힐스,muq94s,커피 너무 고소하고 맛있어요! 휘낭시에도 쫀쫀해서 정말 최고입니다❤ 오늘 실수로 라떼를 쏟아서 너무 죄송했는데 다친데 없는지부터 살펴주시고 친절하게 대처해주셔서 감사했어요ㅠㅠ 마지막에 좋은 시간 보내고 가셨으면 좋겠다고 해 주셔서 더 감동했습니다☺️☺️☺️,5,2021.06.19.
227,페니힐스,1hvufl8,,3,2021.06.17.
228,페니힐스,nruntv,정말 후기 같은 거 잘 안쓰는데 음료도 케이크도 너무너무 맛있어요~~~ 특히 레몬치즈케이크 짱짱 저는 아바라 먹었는데 아바라도 딱 제 스타일! 사장님도 너무 친절하시고 카페도 너무 예뻐서 주변 사람들한테 추천 엄청 합니당~,5,2021.06.12.
229,페니힐스,13u5bnp,완전 친절하시고 음료도 맛있고 좋아용,5,2021.04.21.
230,광고옥돌집,11plh1b,"최악. 위생, 서비스, 음식 총체적 난국 생선은 재활용했는지 누린내나고 기름 범벅. 음식은 죄다 짜거나 달기만 할뿐. 음식을 떠나서 직원들 태도가 제일 별론데, 일행이 화장실 물어봤더니 '알아서 찾아봐요'라고 말하곤 둘이서 뒷담화를 함. 듣는데 불쾌함을 넘어 무례를 느낌. 그리고 무엇보다 주인 아주머니가 재료손질 할 때 마스크도 안끼고 손질함. 주인의식도 ...",1,2021.06.05.
231,광고옥돌집,rnkn0a,태어나서 먹은 갈비탕 중 제일 냄새났어요,1,2021.03.13.
232,광고옥돌집,11nds46,,1,2020.05.13.
233,광고옥돌집,upn58s,갈비진짜... 맛있네요!! 두툼한게 딱 내 스타일이였음요!!,5,2019.11.14.
234,광고옥돌집,tpjec2,"밑반찬들 정말 맛있고, 돌솥밥도 최고였어요 ㅎㅎ 고기질도 좋고 만족스러웠어요",5,2019.11.12.
235,쟝블랑제리,10ut9kg,- 빵보단 밥을 좋아하지만 이 빵집은 진짜 인정해야함 - 본가갈때마다 사가서 어른들께 뿌리는데 단 한분도 맛없다고 한 적이 없음(특히 엄마가 좋아해서 매번 사가는 중) - 맘모스빵이 왜 유명한지 알겠음 과하게 달지도 않고 고소하고 달달함 - 다른 빵들도 평균 이상이며 무엇을 골라도 실패하지는 않을듯 - 이미 수없이 재방문하고 있음,5,2021.08.12.
236,쟝블랑제리,l2o4ld,직원분이 잘 안들리시는 할아버지께 답답하다는 듯이 소리 지르심,1,2021.08.10.
237,쟝블랑제리,fm3rak,"가격이 자꾸 오른다. 단팥빵, 맘모스빵 외에는 별로 그 외 빵들은 양은 많은데 푸석하다",4,2021.08.10.
238,쟝블랑제리,tjd86o,막 찾아가서 사먹을 정도는 아님 걍 가성비정돈데 가격도 싸지도 않음,2,2021.08.09.
239,쟝블랑제리,1872lev,맛있어요 ,5,2021.08.06.
240,월화고기 보라매직영점,10v4ft4,,5,2021.07.26.
241,월화고기 보라매직영점,1lp75pg,가족들이랑 방문했는데 맛집이네요^^ 번창하세요~,5,2021.07.13.
242,월화고기 보라매직영점,1lp72u2,목살 맛있어요 보라매공원 근처 찾다가 들어갔는데 맛나게 잘 먹엇어용 ㅎㅎ,5,2021.07.13.
243,월화고기 보라매직영점,16hlces,,3,2021.07.11.
244,월화고기 보라매직영점,1k9pplo,고기육질이진짜좋네요 단백하고짱짱 넘맛있게먹고갑니당,5,2021.07.02.
245,원조민속순대타운,1api996,,3,2021.06.28.
246,원조민속순대타운,s9uu1h,3층 첫번째집 남자 조심하세요 키는 180후반에 덩치도 큰 남자 직원인데 3층 들어가자마자 호객행위 장난아닙니다 단골집 있다고 거절해도 잡고 안놓길래 무시하고 지나쳤더니 뒤에서 ' 아아아!!! '하고 소리를 지릅니다 저는 헬스와 킥복싱을 했기때문에 덩치가 작은편이 아닌데도 그런 행동을 서스럼없이 했다는건 누구에게나 그런 행동을 할수있다는 겁니다 만약  여성...,1,2021.06.24.
247,원조민속순대타운,7m8gc3,30년만에 다시온 순대타운 근처서 헌혈후 보충하러 다녀갑니다~~♡♡,4,2021.03.13.
248,원조민속순대타운,h6j23d,그냥 그래요,3,2021.02.03.
249,원조민속순대타운,ek9rqu,3층 안쪽이 조용해서 좋았어요,5,2021.01.21.
250,텐동요츠야,1ejns18,텐동에 있는 재료들은 구성이 좋음 하지만 텐동에 소스를 과하게 뿌림 그것 때문에 텐동을 절반 정도 먹었을때 물리기 시작함,3,2021.08.11.
251,텐동요츠야,19o6138,"맛있지만 줄서서 기다릴 정도는 아닌거같아요,, 튀김크기도 다른데랑 비교하면 작은편 ㅡㅁㅡ 줄 거의 없을 때 가세용",4,2021.08.08.
252,텐동요츠야,10llmum,"텐동이 달라봤자 얼마나 다를까 했는데 먹어보니알겠음. 튀김피가 두툼하면서 바삭하고 특제 간이 되어있어 과자같고 처음 먹어보는 맛. 소스도 차별 점이 있음. 화요일 오후 한시부터 두시까지 한시간 대기타는 바람에 시간에 쫓겨 맛을 음미는 못했는데 고개는 끄덕여졌음. 다만, 독특한 간 때문에 시소튀김에서 시소향이 1도 안나는게 다소 아쉬운 점.",4,2021.08.03.
253,텐동요츠야,1jq5776,남직원 완전 불친절..,1,2021.07.17.
254,텐동요츠야,d0rp2c,오사카에서 먹었던 텐동 못지 않은 비쥬얼과 맛. 가성비 훌륭함. 한국에서 아직까지 여기보다 맛있는 텐동을 먹어 보지 못함. 계란반숙이 곁들여졌으면 좋겠다는 아주 작은 아쉬움은 있네요.,5,2021.07.13.
255,강강술래 신림점,1ljg2v1,"내돈내고 사먹을땐 런치때만  밤에 먹을땐 넘 비싸서 눈물이 흐른다...  서비스면으로는 거의 최고. 뭐든지 중상타 이상하는 반찬, 식사가 나옴  개인적으론 샐러드랑 잡채가 참 맛있는 음식점  양념갈비가 점점 갈수록 맛이 떨어지는게 느껴져서 아쉬움   의외로 물냉면 맛집",3,2021.07.09.
256,강강술래 신림점,o1nq1o,지나갈때마다 냄새테러진짜ㅡㅡ 냄새 위로못빼냐?,1,2021.06.30.
257,강강술래 신림점,1api996,,3,2021.06.28.
258,강강술래 신림점,1c90hq5,음식이 너무 달아요.,2,2021.06.22.
259,강강술래 신림점,1fg8uc2,,3,2021.06.11.
260,온정돈까스,n2cj41,,1,2021.07.30.
261,온정돈까스,n1eqdu,제법 맛있어요 옛날 생각나고ㅎㅎ 특별하진 않지만 리뷰만큼 못난 곳은 아니었슴둥,3,2021.07.02.
262,온정돈까스,vmkim9,,1,2021.07.01.
263,온정돈까스,1c1drni,,1,2021.06.27.
264,온정돈까스,fubg0g,,1,2021.06.04.
265,은행골 본점신관,902n5h,어수선한 분위기지만 그럭저럭 맛은 있음. 요즘같은 때는 포장해오는 게 나은 듯.,3,2021.08.11.
266,은행골 본점신관,mvai9k,가성비 좋고 맛있어욜,4,2021.07.23.
267,은행골 본점신관,140e9ku,도로초밥ㅋㅋ,3,2021.07.17.
268,은행골 본점신관,fkfake,,3,2021.06.26.
269,은행골 본점신관,1fig4us,풀코스 먹었는데 뭔가 많이 모자라다는 느낌을 많이 받은? 맛도 옛날이 먹은거에 비해 좀 모자라다는 생각이 들었어요ㅠ,3,2021.06.24.
270,디자이너리카페,11000t6,뷰 맛집!!! 근데 여름에 테라스 가면 너무 덥습니다ㅜㅜ 사진 후딱 찍고 내려와서 커피 마셔야할듯. 주말에 가면 자리 잡기 정말 힘드니 참고하세용 ,5,2021.07.23.
271,디자이너리카페,h5u02t,신림 카페중 최고의 뷰,5,2021.07.20.
272,디자이너리카페,1g7biu7,여기 분위기 짱짱짱~~!! :),5,2021.07.14.
273,디자이너리카페,o89rmn,너무 좋았어요,4,2021.06.30.
274,디자이너리카페,muda6f,분위기 좋고 자리도 널찍하고 뭔가 여유로움이 느껴짐 굳,5,2021.06.26.
275,오월의김밥,fecmdq,진짜 낙성대 맛집은 이 곳,5,2021.08.10.
276,오월의김밥,1iv2hmk,탄수화물은 적고 내용물은 많아서 살 찔 걱정을 덜어주고 맛도 레알 끝내줌,5,2021.08.10.
277,오월의김밥,nj48mm,한달에 한번은 꼭 사러 갑니다 최애김밥이에요 오월의김밥-장블랑제리 코스로 다녀오세용,5,2021.08.09.
278,오월의김밥,1df4ntn,갈때마다 더 맛있어,5,2021.08.07.
279,오월의김밥,efof54,밥도둑에 참깨라면 컵라면 같이먹으면 나트륨폭발 행복폭발,5,2021.08.04.
280,오목눈이,mna61e,레몬커드스콘과 아메리카노를 마시면 이 공간을 좋아하게된다. 제로웨이스트 소품을 구경하다가 네트백을 산것은 주말의 합리적인 소비로 뿌듯함을 주었다.,5,2021.08.09.
281,오목눈이,mudovq,자주가는데 요즘 너무 불친절하네요.. 카운터 계시는분이 손님들 서있어도 쳐다보지도않고 뭐하는건지ㅡㅡ,1,2021.08.08.
282,오목눈이,1cta0kp,"레몬커드 많이 시다는 평 보고 기대하며 갔는데, 취 향 저 격 당했습니다… 레몬향만 낸 다른 레몬 머시기는 가라!!! 이것이 레몬커드다!!! 순삭해서 사진이 없어요… 가게는 맘에 듭니다(특히 제로웨이스트 물건들)  - 콜라에도 레몬 넣는 레몬 러버 드림  레모네이드는 레몬청을 먼저 넣고 얼음물 채우시는 것 같았어요. 빨대로 겁나 저어 먹었는데 레몬청을 나중...",5,2021.08.07.
283,오목눈이,1lnuhdm,존맛..... 사진만 보고는 질감이 퍽퍽하지 않을까 걱정했는데 겉은 바삭하고 속은 촉촉함 ㅠㅠㅠㅠㅠㅠㅠ너무마ㅅ있어요ㅠㅠㅠㅠㅠㅠㅠㅠ,5,2021.08.04.
284,오목눈이,dr2bts,불모지 봉천에 한줄기 희망같은 스콘 맛집 주말에는 사람이 많아요,4,2021.08.01.
285,정담은보쌈 신림점,1gkdhcf,"정갈 하니 깔끔하고 맛 좋다 ~  인테리어도 뭐 차분하고…  식당도 꽤 넓음 …. 오늘 월요일이라 사람이 그애도 꽉 차진 않았는데, 주말이면 예약 필수 일듯..  2인 셋트 시켰는데, 남자 2이서 먹었는데 보기와는 다르게 은근 배부름   여담이지만, 코로나 아니었으면 회식 장소로 난리 났을듯…",4,2021.08.09.
286,정담은보쌈 신림점,1jgqldo,깔끔 존맛탱,5,2021.08.09.
287,정담은보쌈 신림점,10ldv7r,최고,5,2021.07.12.
288,정담은보쌈 신림점,grj6el,한번 먹으면 잊을수 없는 그 맛 반찬도 맛있고 고기는 두말하면 입 아플정도 꼭 가십시오 강려크한 추천,5,2021.07.03.
289,정담은보쌈 신림점,19soer2,가게랑 음식 모두 깔끔하고 직원분들 친절하시고 음식도 맛있어요. 막국수랑 파전도 꼭 드세요..,5,2021.06.16.
290,복돈이부추삼겹살 사당본점,19e8ucu,맛있어요!!,5,2021.08.12.
291,복돈이부추삼겹살 사당본점,13kfnpv,,4,2021.08.07.
292,복돈이부추삼겹살 사당본점,lujqts,부추가 너무 달다 ,2,2021.07.23.
293,복돈이부추삼겹살 사당본점,d20f4v,서빙하는 연변말투 아줌마 개1싸1가1지 없음. 사장님으로 보이는 여자 직원분도 있던데 터치를 안 하는 것 같았음. 웬만하면 별점 진짜 잘 주는데 여긴 맛이고 뭐고 절대 다시 가고 싶지 않음. 망했으면 좋겠음,1,2021.07.17.
294,복돈이부추삼겹살 사당본점,1403cub,공간은 협소하되 부추삼겹살 중돋되는 맛임. 평들처럼 좀 불친절하고 북적거려서 힘들긴함 ㅜ ,4,2021.07.01.
295,논밭골 봉천점,mia7q2,좋아요 ,5,2021.08.10.
296,논밭골 봉천점,eh8me9,예전에 줄서서 먹었을때 특별한 건 없었지만 푸짐했던게 생각나서 이번에는 포장하려고 애안고 몇번을 갔으나 허탕치고 돌아옴~~;;; 그래서 전화로 포장 남아있나 물어보는데 계속 와서 주문하라고만 얘기하고~;;; 남아있다없다 얘기하는게 그렇게 어려운건지~~;; 특별한 맛도 아닌데 장사 잘 된다고 그러는건지~~;;; 조금 덜 먹고 조금 더 비싸도 친절하고 깨끗한 ...,1,2021.07.02.
297,논밭골 봉천점,ndp9b6,줄 서서 먹을 정도는 아닙니다.,3,2021.05.29.
298,논밭골 봉천점,1j0otkj,달달합니다ㅜㅜ,5,2021.05.26.
299,논밭골 봉천점,182f1mu,진짜 맛있고 서빙하시는 이모님 너무너무너무 친절하세요ㅠㅠ 11시 40분쯤 마감돼요ㅠ,5,2021.04.16.
300,막불감동 신림본점,t4pddb,너무 맛있어요  전화로 주차안내 여쭤봤는데 엄청 친절하게 알려주시고  약간 웨이팅 있었는데 그만큼 더 맛있었어요  ,5,2021.07.26.
301,막불감동 신림본점,n0n3md,그냥 가봤는데 대기줄에 깜짝놀라고 면이라그런지 회전율 높아서 생각보다 대기는 길지 않아서 좋았고 친절했고 면발이 메밀함량이 높아서 진심 식감이 유명 평양냉면집 보다 맛있다 사이드 고기가 나와서 잘 어울리고 서늘해지면 비빔막쌈도 먹어봐야지 가격이 적절해서 더 좋다,5,2021.07.24.
302,막불감동 신림본점,uqh3f1,맛있어요,5,2021.07.15.
303,막불감동 신림본점,12lj9a8,동치미막국수 정말 맛있어요 ㅎ,5,2021.06.16.
304,막불감동 신림본점,lnbile,9천원.. 신림지역 지하인데 비싸게 느껴진다. 맛은 있다. 백김치가 특히 맛있는데 처음에 기본찬으로 셋팅 안되고 리필코너에서 칮아먹어야해서 아쉽다.,3,2021.06.09.
305,아리차이 신림점,n8tamv,중국냉면❤,5,2021.08.08.
306,아리차이 신림점,lujqts,전반적으로 괜찮음,4,2021.07.23.
307,아리차이 신림점,11lpgg9,코스요리 먹었는데 제 입맛에는 딱히 맛있지는 않네요,2,2021.07.01.
308,아리차이 신림점,vsffg6,"솔직히 진짜 잘 모르겠네요,, 웨이팅하면서까지 먹을 이유는 없는 거 같습니다. 딤섬은 너무 느끼했고, 탕수육은 평범하고 짬뽕은 딱히 특색없었습니다. 직원분들도 다들 바쁘셔서 그런지 불러도 눈길 한 번 안주시더라구요. 저는 재방문의사 없습니다 :(",1,2021.06.13.
309,아리차이 신림점,m7rumc,두번갔는데 처음에 2층룸으로 갔는데 코스요리시켰는데 음식이너무빨리나와서 먹기바쁘고 위에 에어컨이 음식방향이라 너무 금방식어요 직원들이 눈치주는 분위기에요 다음날 딤섬먹으러 좀 늦게갔는데 8시50분이 마지막주문이라면서 다른테이블보니 새로들어온손님도있고 주문받더라고요 ((직원서비스는 너무별로인거같아요 )) 동파육 진짜 너무 퍽퍽하고 간도 약하고 가격대비 너무 ...,1,2021.06.13.
310,광고마산콧털네,11b08qg,,5,2020.10.23.
311,광고마산콧털네,v32d49,신사동 아구찜 골목에서 찐 인정하는 집. 맛있네요~,5,2020.10.13.
312,광고마산콧털네,mtl9ng,,4,2020.10.04.
313,광고마산콧털네,beiv97,신사동 아구찜 다 쓰레긴줄 알았는데 여긴 인정합니다,5,2020.02.06.
314,광고마산콧털네,uf5n37,아구찜 넘버원 인정 진짜 맛있네요!,5,2019.02.11.
315,카페노티드 서래,s50g6f,줄 서긴 하지만 맛있어용,5,2021.08.08.
316,카페노티드 서래,95a69o,,5,2021.08.03.
317,카페노티드 서래,10tj0fo,강아지 있었어서 지루하지않아 하나 더 드립니다.한 팀 씩 메뉴 고르는거 너무 비효율적이에요 코로나때문이라면 웨이팅 줄도 띄어 놔야죠,3,2021.08.02.
318,카페노티드 서래,uj8349,한여름에 그늘막 하나 없이 땡볕에 웨이팅 시키는 개념없는 가게,1,2021.07.31.
319,카페노티드 서래,fu2biu,,1,2021.07.21.
320,서관면옥,befu5u,"향은 별로 없지만 메밀 식감은 충분한 면발, 고소한 지방이 부드럽게 부서지는 편육, 썩 맛좋은 얼갈이김치와 열무김치, 품질 좋은 배 고명 그런데, 이렇게 그럭저럭 괜찮은 요소들을 다 합쳐 냉면 한 그릇을 만들어놓으니 희한하게도 상당히 실망스러운 맛입니다. 어처구니 없이 뜨뜨미지근한 국물 온도가 문제였을까요? 산미는 다 빠졌지만 미끄덩한 맛이 있는 다시마식초...",2,2021.08.08.
321,서관면옥,165r2eh,,5,2021.08.05.
322,서관면옥,rq5que,평양냉면에 다시마식초를 싸악,5,2021.08.03.
323,서관면옥,1ipkkp6,여름이면 더 많이 가게 되는 곳...ㅎ 좋아용,4,2021.07.26.
324,서관면옥,e4hhh1,짱짱맨 평양냉면 만두 필수,5,2021.07.21.
325,애플하우스,12kbspq,"직원들이 죄다 불친절을 넘어 상상초월 와ㅋㅋㅋ 특히 얼굴이 새카맣고 눈풀린 남자직원 음식을 거의 패대기치듯 던지고가고 아 무엇보다 여기음식...먹고나서 배가 너무 아파요 소화제를 먹어도 소화가 안되고 달고 짜고 그냥 자극적인맛 그래서 중독성 있게 느껴질지는 모르겠지만 추억때문에 오시는 분들이라면...뭐... 허나 맛이 궁금해서, 맛집이라고, 무침만두가 유명...",1,2021.08.05.
326,애플하우스,10jp72b,먹을만합니다!! 맛집이라그런지 직원들 짬바가 느껴졌어요 무침만두 기대했는데 이날따라 너무 딱딱하고 이상한 냄새나더라고요ㅠㅠ 줄이없고 집근처라면 또 먹을순있겠지만 굳이 찾아가진 않을것 같습니다 ,3,2021.08.01.
327,애플하우스,1a1vhpd,그냥 저냥 무침만두는 ㄱㅊ,3,2021.07.23.
328,애플하우스,la5ou2,이 근처에서 사는 학생들이면 한번은 들렀음.. msg의 맛.. 20여년전 어릴땐 참 맛나게 먹었는데.. 그때도 소스에서 라면스프맛이 많이 나더라는 ㅋ 이집 최고메뉴는 무침군만두임..  그거 먹으러 다녔음. 다른 메뉴는 쏘쏘,3,2021.07.11.
329,애플하우스,v59dhm,무침만두 존맛탱!!,5,2021.07.08.
330,텍사스데브라질 센트럴시티점,1kg1h29,"가성비 생각하면 그닥.. 그냥 고기 잔뜩 먹기 좋은 곳. 샐러드바는 별로 먹을 게 없고(종류는 좀 있어도 맛있진 않음), 고기를 종류별로 맛본다고 생각하면 된다. 다만 고기도 엄청 맛있다기보다 다양하게 즐기는 게 전부라.. 전체적으로 고기가 기름진데 음료가 유료. 그것도 비싸게. 고기 맛도 대단한 건 아니라서 재방문 의사는 없음.",3,2021.08.12.
331,텍사스데브라질 센트럴시티점,179e76h,4명이서 26만원 고기가 좀 느끼함 샐러드바는 말 그대로 야채 바 임  먹을게 없음 후식도 없음 단호박죽 뭔가 마늘맛 나서 이상 김치볶음밥은 수련회 가면 급식으로 나오는 저렴한 김치볶음밥 맛 남 딸기크림치즈는 생크링과 필라델피아크림치즈에 딸기잼 섞은 맛 그나마 무난하게 먹을만 함 디저트바가 왜 없을까? 말이 안됨 맛도 별로 고기는 소고기는 맛있는데 양고기는...,2,2021.08.01.
332,텍사스데브라질 센트럴시티점,1dngqe2,매니저분 굿..직접 식탁보를 펴서 묶어줌..왕 대접 받는줄..,5,2021.07.29.
333,텍사스데브라질 센트럴시티점,mdeod6,"고기 좋아하는 사람은 한번쯤 가볼만함. 느끼하고 육질은 좋고 부드럽고 맛있었다. 단 꽤 느끼하니까 피클, 소스, 야채랑 같이 먹을것. 안 맞는 사람은 별로일꺼임. 종업원 서비스는 좋았다. 음료는 제공안되니 주의.",4,2021.07.10.
334,텍사스데브라질 센트럴시티점,vqhq5q,1. 무한리필인데 음료는 돈받음. 콜라한캔에 3천원.. 2. 외국인 아저씨 썰어주는데 바지에 기름 다 튐.. 3. 먹다보면 지금 이거 음식가지고 장난하는건가? 라는 생각이 듬.   결론 : 내 돈 주고는 절대 다시 안갈것같다. ,1,2021.07.09.
335,프릳츠 양재점,dl6hl4,,5,2021.08.08.
336,프릳츠 양재점,142brc4,"커피, 빵, 인테리어, 공간, 좌석 수, 굿즈 등 나쁘지 않음. 좋음. 하지만 가격은 잘... 좋은 원두를 사용하고 좋은 식재료를 사용하는 거겠지만 이번에 가격 또 올랐던데..... 굿즈를 그만 내고 음료 가격을 어떻게 좀...",3,2021.07.16.
337,프릳츠 양재점,fkbtrc,남직원 더럽게 싸가지 없네 ㅉㅉㅉㅉ,1,2021.07.04.
338,프릳츠 양재점,1l5usin,일단 커피가 진짜 맛있고 빵도 다 맛있어요. 공간도 넓고 굿즈들도 다 너무 귀여워서 구경하는 재미가 있어요.,5,2021.06.28.
339,프릳츠 양재점,vor14o,매장 넓고 빵도 다양하고 좋아요~,4,2021.06.27.
340,삼육가 사당역점,qjlfbn,넘 맛있어요 소스도 다양해요!   +리뷰 쓴 이후에도 여러번 재방문했어요 언제나 웨이팅이 기네요,5,2021.08.07.
341,삼육가 사당역점,1bh7vl5,나 귀요미가 인정하는 맛집입니다 ㅜ,5,2021.07.28.
342,삼육가 사당역점,loqoll,진짜 맛있음 구워주셔서 편하고 서비스 좋아요,5,2021.07.13.
343,삼육가 사당역점,r42fgk,사당역 근처 목살 1등,5,2021.07.02.
344,삼육가 사당역점,19e7qth,맛있어요,4,2021.06.04.
345,마루심 본점,1b1m7ka,,5,2021.08.12.
346,마루심 본점,1fu2mvt,간만에  갔는데 예전보다  맛이  덜해요~ 마지막 먹었을때  기억으로  자꾸  생각나서  다시  재방문 했지만 오늘같은  맛이라면  다시  재방문 의사는  없을거  같네요.  솔직히 맛없었어요.,1,2021.08.08.
347,마루심 본점,oa2er1,예약하다 기분 이렇게 더러운 적은 평생 처음이네요. 고객 응대하며 정색하는 음식점이라니... 어이가 없음.,1,2021.07.29.
348,마루심 본점,11ed9jg,,3,2021.07.25.
349,마루심 본점,sgj7hp,"히쯔마부시장어 덮밥,  일본에서 먹어보고 당연 맛차이는 있을커라  짐작은 햇지만,   가시가  제대로 안 발라져 있다는건  너무 한거아닌가요? 최악 였습나디!!!",1,2021.07.19.
350,루엘드파리,ttmh4f,모카빵이 미쳤어요,5,2021.07.31.
351,루엘드파리,11dste0,,5,2021.07.29.
352,루엘드파리,e4khi6,,4,2021.07.21.
353,루엘드파리,7la7so,"Extremely disappointed. Ordered 4 things, priced expensively so expecting quality. The butter pretzel used unsalted butter with no salt on butter or pretzel, so you can imagine how bad that would tast...",2,2021.07.11.
354,루엘드파리,gieavn,맛도 맛이거니와 항상 직원분들이 친절해서 다녀오면 기분이 좋아요. 고맙습니다. :) ,5,2021.07.08.
355,세광양대창 교대본점 본관,1hjktrt,양념맛 예술 새로나온 꽃대창도 맛있음,5,2021.07.21.
356,세광양대창 교대본점 본관,1flnqcj,최고예요,5,2021.07.20.
357,세광양대창 교대본점 본관,10jva2a,직접 다 구워줘서 편하게 먹었어요,5,2021.07.19.
358,세광양대창 교대본점 본관,1fidp0q,양대창은 여기서만 ^^,5,2021.07.16.
359,세광양대창 교대본점 본관,1f8uhf2,최고예요,5,2021.07.15.
360,공미학,n08n65,맛있고 인테리어도 이뻐요,5,2021.08.11.
361,공미학,1l5b488,디저트가 좋습니다,4,2021.06.29.
362,공미학,1ft5h7d,밝은 분위기고 만나서 얘기하기 딱 좋은 커피집임 자주올게요,5,2021.06.26.
363,공미학,19e8ucu,굿굿 이뻐요,5,2021.06.09.
364,공미학,11mcvc0,분위기가 힙해~ 또 가고싶음ㅎㅎ,4,2021.06.06.
365,백년옥 본관,7nsr2d,직원들 정신없어서 친절할 새가 없구요. 찌개도 그냥 그래요. 반찬이 진짜 별루구요. 찾아와서 먹었는데 많이 아쉬워요.,1,2021.08.08.
366,백년옥 본관,7kds24,"맛은 그냥 soso  시재보던분이 사장님같아서 한자 남겨요. 그 시재보던분 좀 친절할 필요가 있어보여요. 키작고 머리 파마하신분이요 저희가 8시10분쯤 들어갔는데 5분쯤 뒤에 들어오신 손님 왜 꼽주시고 비꼬는지 모르겠네요. 8시50분 마감이라고 빨리 드시고 ㄱㅏ야된다고 재촉하고, 다른데갈까 하는 손님한테 지금 딴데 가도 먹을게 있나? 비꼬기나 하고. 우리도...",1,2021.07.31.
367,백년옥 본관,a1i9vl,"솔직히 맛은 특별한건 모르겠고.. 주차자리 텅텅비었길래 그냥 차넣었는데, 발렛 하시는분이 내리라고 소리를... 지름ㅋㅋㅋ 아니.. 2000원 없어도 그만인데 참 .. 그 돈 삥뜯어서 부자되려나 ㅋㅋㅋㅋㅋㅋ  같이 간 친구만 아니었으면 다시 차빼서 나왔을텐데 .. 돈벌라고 애쓴다",1,2021.07.30.
368,백년옥 본관,e4rdpt,불친절...에 포크도 제대로 안닦여있었움요.. 청결 좀 ㅠ,2,2021.07.25.
369,백년옥 본관,s3c71c,예전 그 왁자지껄한 분위기가 하나도 없이 그냥 이제는 다른 처음생긴 분위기 식당이 되어버렸다 엄마가 별로라고해서 ㅜ죄송하게된 팥칼국수에 팥맛과 향은 거의 느껴지지않아서 의아한 ㅜ 힝 ,3,2021.07.10.
370,하이디라오 강남점,19i6fb4,존맛탱탱구리 서비스 완전 짱짱,5,2021.07.27.
371,하이디라오 강남점,11pf50s,사람이 넘 많네요ㅠ ,3,2021.07.12.
372,하이디라오 강남점,e8dnln,엄청 친절. 재방문 의사 있음. ,5,2021.07.07.
373,하이디라오 강남점,c5f5rt,"강석민님, 쉬칭님 정말 감사합니다!!!ㅜㅜ 요즘 너무 우울했는데 우울함을 달래주는 서버분들의 서비스였어요... 행복한 기억 선물해주셔서 감사합니다~~",5,2021.07.02.
374,하이디라오 강남점,18aaf8c,정말 너무 맛있는데... 너무 비싸요ㅠㅠ,5,2021.07.02.
375,설마중,17sgild,양이 너무 적네요,2,2021.06.29.
376,설마중,1fduqrf,,3,2021.06.08.
377,설마중,17ame9j,굿굿,4,2021.06.01.
378,설마중,oae6jp,아버지 생신으로 갔는데 서비스가 좋았습니다.  평일점심특선으로 먹었는데 맛과 양도 적당하고 서비스로 미역국과 커피도 주더군요. 손님을 생각하는 마음이 느껴졌습니다.,5,2020.12.18.
379,설마중,lsscdg,모임때나. 코스보고 가는거지 고기먹으러 가는곳은 아님,3,2020.11.23.
380,3대삼계장인,1m0edfq,교대역 맛집 방문 하였습니다. 닭을 오랜만에 먹는데 쑥 삼계탕이 끌리더라구요 색도 예쁘고 맛도 너무 좋구요 쑥향이 너무 좋네요 ,5,2021.08.12.
381,3대삼계장인,1m0ecjo,여기는 방송에도 많이 소개된곳이더라구요 기대하고 가서 먹었는데 식감도 부드러워 좋고 양도 많았어요 닭도 안질기고 딱 알맞게 잘 삶으신것 같아요,5,2021.08.12.
382,3대삼계장인,1llknhi,여름에 주로 저는 삼계탕 먹는걸 좋아합니다. 이곳이 맛있다고 하여서 왔는데 종류도 여러가지 많더라구요 잣이들어간 삼계탕 부드러워서 먹기편하고 아이들도 잘먹을것같아요 ,5,2021.08.12.
383,3대삼계장인,1llkis8,국물이 깔끔하니 정말 좋았어요 동생이 녹두 삼계탕 넉어보자고 해서 이상하지 않을까 햇는데 예상과 다르게 제입맛을 사로잡았어요 부드러운 식감이 최고네요,5,2021.08.12.
384,3대삼계장인,1hc8hge,잣삼계탕 색다르네요 처음 먹어보는데 제입맛에 딱이네요 부드러우면서 고소하니 닭이랑도 잘어울리네요 복날에 또한번 와야겟어요~,5,2021.08.12.
385,낙원타코 강남역점,n3l6di,,3,2021.08.05.
386,낙원타코 강남역점,1idi958,소울푸드 ㅠ 생크림 흑맥주에 대창파히타 너무 좋아요,5,2021.08.03.
387,낙원타코 강남역점,u3nsvb,"고기가 다 탔고 너무 질김,,",2,2021.07.30.
388,낙원타코 강남역점,8te819,까르니타스타코는 맛있었고 타코쉘샐러드랑 치킨부리또는 별로였다.,4,2021.07.15.
389,낙원타코 강남역점,ne6aqf,친구랑 생각나면 항상가는곳,5,2021.07.12.
390,광고진도집,1g7biu7,여기 사람들 너무 많아요ㅠㅠ 너무 맛있어서 그런거겠죠?? 여름에는 더워서 힘들고 겨울에는 추워서 ㅠㅠㅠㅠ 담에는 일찍 방문 해야 겠어요!!!,5,2021.07.08.
391,광고진도집,1d38hvm,"점심이든 저녁이든 항상 사람 많은 이곳, 정말 맛있답니다!",5,2021.06.18.
392,광고진도집,1dirmp1,요즘 같이 쌀쌀한 날 해물탕 먹고 싶어서 찾다가 리뷰도 좋아서 가서 먹었어요. 너무 얼큰하고 맛있어요ㅠㅠ담에 부모님이랑 또 갈게요!,5,2020.11.12.
393,광고진도집,1cn9vkk,,5,2020.10.11.
394,광고진도집,19j8ens,점심에 바글바글. 맛있어요,5,2020.09.09.
395,광고삼시세끼 셰프반찬,1g7biu7,추천~하고 가요ㅎ^^,4,2021.07.08.
396,카페노티드 청담,1itsass,얼그레이 도넛이랑 아아는 매장에서 먹고 피스타치오 크루아상은 포장해서 먹었는데 먼저 도넛은 빵이 기름지지않고 쫄깃하고 안에 필링은 탱글탱글하니 얼그레이 맛도 은은하게 강하지않아서 맛있었구요! 피스타치오 크루아상은 위에 피스타치오만 올라가있으면 맛이 심심해서 별로일 것 같았는데 크루아상 반을 갈라서 필링이 채워져있더라구요~ 무슨 필링인진 모르겠지만 진짜 맛있...,5,2021.08.10.
397,카페노티드 청담,10muupp,맛있었어요 ☺️,5,2021.08.08.
398,카페노티드 청담,1l93bdr,던킨도너츠 맛이 나요. 차라리 랜디스 도넛이 더 맛있었어요,1,2021.08.07.
399,카페노티드 청담,fkgi3l,"우유 크림 한 번 먹을 만 함. 그외 그냥 크리스피가 더 존맛임  평일 오전에 가서 줄 스지는 않았지만 그 이후에는 왜 줄 스는지 의문  그리고 점원이 10명 넘는 거 같은데 포장만 하는데도 왜 20분이 걸리죠..? 빵 쌓여있던데 사람 많아보이는 마켓팅 같은데, 좋지는 않은듯요... ",4,2021.08.05.
400,카페노티드 청담,tdoihp,wbat the fuck im order 피스타치오 크림튜 but they give me croissants instead  HEI U SHOULD PICK WELL ABOUT WORKER NOT ONLY JOKING WHILE WORKING WHILE HAVE MANY CUSTOMERS WAITING FOR ORDERS  WTFUCK,1,2021.07.28.
401,진미평양냉면,1k5rqeh,역시  평양냉면 맛집인정!,5,2021.08.11.
402,진미평양냉면,1mufgr6,^^ㅏ발 욕나오게 맛있음. 중독됨. 또 가고싶음.   단점: 사람이 ♪♩♬게 많다,5,2021.08.10.
403,진미평양냉면,1ea9f27,개맛있음요 ㅋㅋ,5,2021.08.04.
404,진미평양냉면,145ituc,진짜 싸가지 없어서 그냥 들어가자마자 나왔어요 서비스 죽이네요 가지마세요 ♪♩♪♪임 ㅋㅋ,1,2021.08.03.
405,진미평양냉면,11jr1b1,인생첫 평냉이었는데 진짜 맛있었어요 제육이랑 만두도 짱맛 ㅠ,5,2021.08.02.
406,팀호완 삼성점,10a73pc,,3,2021.07.31.
407,팀호완 삼성점,e82rkr,자주가는 맛집 ,5,2021.07.29.
408,팀호완 삼성점,1mdv3j3,여러가지 음식주문하고 두번째 음식 나오고 한입 먹는 순간 테이블 위에 한 마리가 바퀴벌레가 돌아다녔습니다. 너무 놀라 직원 부르니 와서 잡아 주더군요. 그러고 있는 사이 주문한 다른 음식 나오고...음식 못 먹는다고 하고 짐 챙겨서 나오니 지난주에 방역한다고 했는데...다시 세스코 불러서 방역하겠다고 하더라구요.  미슐랭 맛집 맞나요...위생에 좀 더 신경...,1,2021.07.29.
409,팀호완 삼성점,cefoga,홍콩의 향기를 느낄수있음,4,2021.07.26.
410,팀호완 삼성점,sqkqib,웅~ 맛없다~ 중식집 아웃 ! ,1,2021.07.18.
411,구구당,16ldtd9,맛있었어용 홍콩파스타 완전 취저! 마라맛 로제파스타 같더라고용ㅎㅎ 우육탕면은 보통같아요 멘보샤도 맛있었구..! 밀크티도 먹어보고싶었는데 배불러서 다 못먹었네요 담에 또 먹으러 가봐야겠어요ㅎㅎ 별 하나 뺀 이유는 음식이 넘 늦게 나와서ㅠㅠ 전반적으로 맛있게 잘 먹었습니다!! 또 먹으러 올 거 같아용,4,2021.08.11.
412,구구당,15agmdb,인스타맛집 가격대비 그냥그래요,3,2021.08.07.
413,구구당,13uvr0r,기대했는데 직원 응대가 별로라서 다시는 방문하지 않을 것 같습니다 ,1,2021.07.31.
414,구구당,vb0k7j,직원이 너무 별로임;;; ,1,2021.07.31.
415,구구당,16c8b6q,점심에 방문했고 여성 알바분께 결제하고 영수증 필요하냐고 하셔서 괜찮다고 말씀 드렸는데도 카드를 안주셨습니다. 바로 주시겠지 라는 마음으로 기다렸는데 갑자기 어떠한 설명도 없이 카드를 한 번 더 긁으시더라고요. 포스기 자체를 잘 못만지시는거 같아 2-3분 기다리고 있었습니다. 이후 잘못 결제하셨냐고 여쭤보니 사과도 없이 네하시곤 다른 직원을 부르러 가시더라...,1,2021.07.30.
416,꽁티드툴레아 도산점,1clibfd,분위기 좋고 밖에서 안내해주시는 직원분 친절굿 초코무스 맛나용,5,2021.08.07.
417,꽁티드툴레아 도산점,1g5atig,맛집입니담,5,2021.08.04.
418,꽁티드툴레아 도산점,usf0me,식기도 예쁘고 개조한 주택 분위기가 좋아요,4,2021.07.20.
419,꽁티드툴레아 도산점,1g7biu7,친구가 쫄라서 가게된 곳..... 신세계를 본듯한 ㅎㅎㅎ 추천 할만 한곳 같아요ㅎ,5,2021.07.08.
420,꽁티드툴레아 도산점,qvoire,"낮술하기 좋은 곳 꽁티드가서 김치볶음밥 안 먹으면 바보 부리타샐러드는 양이 좀 적지만 부리타가 비싸니까 인정 유명한 초코무스?는 그냥 상상하는 맛 초코는 괜찮았으나 생크림이 좀 ⭐️로  다음엔 밤에 방문할 예정 ㅎㅎ 와인 리스트가 더 많아졌으면 좋을 듯!! 작은 바람으론,, 콜키지가 됐으면",4,2021.07.04.
421,카츠바이콘반,mv5p73,맛4.5 웨이팅시름시름-2 직원들친절 로스보단히레 자리구성특이 웨이팅없다면또한번가고싶다 가라아게 쏘쏘 굽네소스와비슷 장국도맛있고  내일본식돈까스아직까지는1위집,3,2021.08.08.
422,카츠바이콘반,dmbn86,가라아게는 발군이지만 카츠는 왠지 비교적 아쉽다는 느낌을 지울 수 없었다... ,3,2021.08.07.
423,카츠바이콘반,1av8cui,내가 제일 좋아하는 돈카츠집. 로스는 말이 필요없음,5,2021.08.06.
424,카츠바이콘반,1ea9f27,"행복을 먹습니다. 식감, 풍미 아름다워요 샐러드 드레싱도 아주 맛나요 완벽..",5,2021.08.04.
425,카츠바이콘반,19o57ub,남편도 인정한 맛집 ㅇㅈ ,5,2021.08.02.
426,다운타우너 청담,14eqvpj,아보카도로 감춘 맛대가리없는 패티. 인스타 사진 한장 찍어올리기 바쁜 뜨내기들의 진정한 맛집.,1,2021.08.06.
427,다운타우너 청담,15m3rc6,,3,2021.08.05.
428,다운타우너 청담,sj7bo0,"굶주린 날 주문하고 35분이나 기다리게 해서 별 하나 깎음, 흥    그래도 맛있음ㅋㅋ 더블더블, 에그 스크램블, 오리지널 후라이이",4,2021.07.23.
429,다운타우너 청담,e8nl78,헴버거 맛있고 프라이 맛있고 넘 좋아요 ,5,2021.07.21.
430,다운타우너 청담,1d3nthc,존맛,5,2021.07.04.
431,청담스케쥴,11do79e,"일단 여기는 무조건 분위기에요! 모든 자리가 다 예쁘고 테이블마다 다른 사람 얘기 신경 안 쓰고 떠들 수 있기 좋도록 다 디자인되어 있어요 ♡ 그런데 망고빙수 맛있긴 한데 너무 빨리 녹아서 그냥 우유 육수고요..티라미수는 보통, 파스타도 나름 맛있었습니당 ㅎㅎ 물론 청담이라 가격은 비싼 편이에요 ㅜㅜ",4,2021.07.28.
432,청담스케쥴,ufibqj,,1,2021.07.12.
433,청담스케쥴,u624s0,,1,2021.06.27.
434,청담스케쥴,1907dm4,,1,2021.06.18.
435,청담스케쥴,rtd24p,,3,2021.06.07.
436,블루보틀 역삼,184980q,머선129 yeoksa,2,2021.08.10.
437,블루보틀 역삼,17ov35s,,1,2021.08.01.
438,블루보틀 역삼,ms03pu,커피 양 머선129  ,2,2021.07.11.
439,블루보틀 역삼,1g7biu7,음..... 이름에 비해 생각보다 서비스가 ~~~ 그냥 그렇습니다!,3,2021.06.22.
440,블루보틀 역삼,1ff4h3f,,3,2021.06.11.
441,울프강스테이크하우스,mn9k4a,스테이크 고기 맛있어요 레드카펫이 인상적이에요~^^,5,2021.08.07.
442,울프강스테이크하우스,ci5a38,,5,2021.08.07.
443,울프강스테이크하우스,1l8als2,포터하우스 스테이크는 정말 맛잇음+ 친절함  그러나 가격 대비 분위기 앰비언스 너무 별로임... 시끄럽고 자리 간격 너무 좁고 분위기가 약간 시장통 느낌 ,3,2021.07.11.
444,울프강스테이크하우스,1c5gktr,,5,2021.07.09.
445,울프강스테이크하우스,muubjk,"맛있게 잘 먹었습니다. 캐주얼한 느낌, 약간의 소란. 서버 분들은 모두 친절하셨음. ",4,2021.07.07.
446,리틀넥 청담,n2lm8g,크랩아보카도버거 건강하게 한끼 먹기 좋아요 살몬포케 맛있어요!,4,2021.07.27.
447,리틀넥 청담,16vrlkc,,5,2021.07.22.
448,리틀넥 청담,1325en7,존맛탱 인스타용 맛집 아님 진짜 맛집임,5,2021.07.19.
449,리틀넥 청담,fsd9ds,라자냐는 별로... 나머지는 아주 맛있었음 ,4,2021.07.17.
450,리틀넥 청담,1lpccul,맛있어용 크크,5,2021.07.13.
451,압구정공주떡,fm3rak,,5,2021.08.10.
452,압구정공주떡,mulq0r,맛있었다 ! 얼려놨다가 먹을만큼 자연해동 해먹으니까 똑같다. 먹고 씨익 ~ 웃으면 치아에 흑임자가 자리잡아있으니 ... 주의하시길...^^ ,4,2021.08.05.
453,압구정공주떡,m44g2q,흑임자 인절미 1팩 6.0 1.5kg 15.0 ,3,2021.07.30.
454,압구정공주떡,1477mfh,리뷰수보고 마포에서 찾아간건데 떡 종류 2가지라뇨…ㅠ,2,2021.07.16.
455,압구정공주떡,fkgb0i,명절때마다 사요 맛있어요!,5,2021.07.15.
456,호족반 청담,mfhbq1,웨이팅하지 않고 먹어서 그런가 난 5점..,5,2021.08.07.
457,호족반 청담,ggpl7p,비싼거 빼고 다 좋고 맛있음,4,2021.07.31.
458,호족반 청담,eepduh,대기 안 하고 들어갔고 아주 만족함. 맛도 괜찮고 가격도 합리적.,5,2021.07.30.
459,호족반 청담,1lma9r8,,3,2021.07.11.
460,호족반 청담,1c5gktr,굿굿,5,2021.07.09.
461,중앙해장,13qtvgr,"누군가 블로그에서 내장탕 시켜서 사리추가하듯 먹으라고 했는데... 절대 그러지마여.. 곱창전골을 두번 시켜먹으셈ㅠ.ㅠ,, 겨울에 특히 생각나는 곱창전골 맛집입니당. 소주랑 드세염 일인 이병 하세염",5,2021.08.09.
462,중앙해장,udi9as,ㅍㅌㅊ,4,2021.08.08.
463,중앙해장,e4tt7b,국물 한숟가락에 여긴 진짜라는걸 깨닫고 소주를 시키게됨,5,2021.08.06.
464,중앙해장,upclqs,절대가지마세요. 완전 불친절하고 파는것도 지맘대로입니다 포장해가면 찍어먹는 소스도안주고 다른분 리뷰보니까 소스 달라한거에 안된다고 머리머라했다면서요? 소스도 별거아니에요 마트에서 참소스 사서 거기에 연겨자 짜넣으면 똑같아요 ㅋㅋ  그리고 포장하면 대짜는 안판다네요 재작년부터 전골에 곱창 추가도안받고 무조건 새로 시켜야 한다더니 그 다음에 가니까 또 이번엔 ...,1,2021.08.06.
465,중앙해장,7rapbi,맛있게 잘먹었습니다 ,4,2021.08.02.
466,카페캠프통 압구정살롱점,qkhopf,엄청 점수 짜게주는 사람들이 많은데 너무 좋아요 너무 예민한 거 같아요^^,5,2021.07.18.
467,카페캠프통 압구정살롱점,142brc4,원두 딱 봐도 좋은 거 쓰진 않는 거 같음. 빵 그냥 그럼.. 커피 별로. 매장 넓고 공부할 수 있는 1인 룸 (?)도 있어서 나쁘지 않은데 철(?) 책상에 철(?) 의자... 독방에 갇힌 거 같고 좀 무서움. 안마의자 있음,2,2021.07.16.
468,카페캠프통 압구정살롱점,1kslgkq,괜찮았어요 편안한분위기,4,2021.07.01.
469,카페캠프통 압구정살롱점,gcfu23,넓고 자리가 많은 건 좋은데 빵은 맛있지 않았어요 작업하러 가기엔 괜찮은 것 같아요,3,2021.06.15.
470,카페캠프통 압구정살롱점,gbvg9c,에그타르트 빼고 다 별로;; 크로와상은 벽돌인줄;;,1,2021.06.12.
